{"cameraMode":{"drawMode":0,"name":"Shaded","section":"Shading Mode"},"sceneLighting":false,"audioPlay":false,"sceneViewState":{"showFog":true,"showMaterialUpdate":false,"showSkybox":false,"showFlares":true,"showImageEffects":true,"showParticleSystems":true},"in2DMode":false,"pivot":{"x":-24.966533660888673,"y":4.180676460266113,"z":-25.736190795898439},"rotation":{"x":-0.10750822722911835,"y":-0.8724322319030762,"z":0.42176488041877749,"w":-0.22237733006477357},"size":2.0345070362091066,"orthographic":false}