{"cameraMode":{"drawMode":0,"name":"Shaded","section":"Shading Mode"},"sceneLighting":false,"audioPlay":false,"sceneViewState":{"showFog":true,"showMaterialUpdate":false,"showSkybox":false,"showFlares":true,"showImageEffects":true,"showParticleSystems":true},"in2DMode":false,"pivot":{"x":1.372619390487671,"y":0.07578325271606446,"z":1.4798493385314942},"rotation":{"x":-0.34171098470687868,"y":0.2799103856086731,"z":-0.10736741870641709,"w":-0.8907398581504822},"size":2.666025400161743,"orthographic":false}