{"cameraMode":{"drawMode":0,"name":"Shaded","section":"Shading Mode"},"sceneLighting":true,"audioPlay":false,"sceneViewState":{"showFog":true,"showMaterialUpdate":false,"showSkybox":true,"showFlares":true,"showImageEffects":true,"showParticleSystems":true},"in2DMode":false,"pivot":{"x":1417.994140625,"y":-101.0982666015625,"z":2790.739990234375},"rotation":{"x":0.12862378358840943,"y":0.07109437882900238,"z":-0.009254654869437218,"w":0.9891626834869385},"size":4084.796142578125,"orthographic":false}