{"cameraMode":{"drawMode":0,"name":"Shaded","section":"Shading Mode"},"sceneLighting":true,"audioPlay":false,"sceneViewState":{"showFog":true,"showMaterialUpdate":false,"showSkybox":true,"showFlares":true,"showImageEffects":true,"showParticleSystems":true},"in2DMode":false,"pivot":{"x":1.5916061401367188,"y":1.2952423095703126,"z":-50.56825256347656},"rotation":{"x":0.24962617456912995,"y":0.5548615455627441,"z":-0.17915157973766328,"w":0.773129403591156},"size":18.33665657043457,"orthographic":false}